Date,Time,Impact,news
2024-10-01,1:40am,Low Impact Expected,MPC Member Greene Speaks
2024-10-01,2:30am,Medium Impact Expected,NZIER Business Confidence
2024-10-01,3:15am,Low Impact Expected,Building Consents m/m
2024-10-01,4:31am,Low Impact Expected,BRC Shop Price Index y/y
2024-10-01,5:00am,Low Impact Expected,Unemployment Rate
2024-10-01,5:20am,Low Impact Expected,BOJ Summary of Opinions
2024-10-01,5:20am,Low Impact Expected,Tankan Manufacturing Index
2024-10-01,5:20am,Low Impact Expected,Tankan Non-Manufacturing Index
2024-10-01,All Day,Non-Economic,Bank Holiday
2024-10-01,6:00am,Low Impact Expected,Final Manufacturing PMI
2024-10-01,7:00am,Medium Impact Expected,Retail Sales m/m
2024-10-01,7:00am,Low Impact Expected,Building Approvals m/m
2024-10-01,12:00pm,Low Impact Expected,Commodity Prices y/y
2024-10-01,12:00pm,Low Impact Expected,Retail Sales y/y
2024-10-01,12:30pm,Low Impact Expected,German Buba President Nagel Speaks
2024-10-01,12:45pm,Low Impact Expected,Spanish Manufacturing PMI
2024-10-01,1:00pm,Low Impact Expected,Manufacturing PMI
2024-10-01,1:15pm,Low Impact Expected,Italian Manufacturing PMI
2024-10-01,1:20pm,Low Impact Expected,French Final Manufacturing PMI
2024-10-01,1:25pm,Low Impact Expected,German Final Manufacturing PMI
2024-10-01,1:30pm,Low Impact Expected,Final Manufacturing PMI
2024-10-01,2:00pm,Low Impact Expected,Final Manufacturing PMI
2024-10-01,2:30pm,High Impact Expected,Core CPI Flash Estimate y/y
2024-10-01,2:30pm,High Impact Expected,CPI Flash Estimate y/y
2024-10-01,7:00pm,Low Impact Expected,Manufacturing PMI
2024-10-01,7:15pm,Medium Impact Expected,Final Manufacturing PMI
2024-10-01,7:30pm,Low Impact Expected,MPC Member Pill Speaks
2024-10-01,7:30pm,High Impact Expected,ISM Manufacturing PMI
2024-10-01,7:30pm,High Impact Expected,JOLTS Job Openings
2024-10-01,7:30pm,Medium Impact Expected,ISM Manufacturing Prices
2024-10-01,7:30pm,Low Impact Expected,Construction Spending m/m
2024-10-01,All Day,Low Impact Expected,Wards Total Vehicle Sales
2024-10-01,8:30pm,Low Impact Expected,FOMC Member Bostic Speaks
2024-10-01,8:40pm,Low Impact Expected,FOMC Member Cook Speaks
2024-10-01,8:45pm,High Impact Expected,SNB Chairman Schlegel Speaks
2024-10-01,8:47pm,Low Impact Expected,GDT Price Index
2024-10-02,3:45am,Low Impact Expected,FOMC Member Barkin Speaks
2024-10-02,3:45am,Low Impact Expected,FOMC Member Bostic Speaks
2024-10-02,3:45am,Low Impact Expected,FOMC Member Collins Speaks
2024-10-02,5:20am,Low Impact Expected,Monetary Base y/y
2024-10-02,All Day,Non-Economic,Bank Holiday
2024-10-02,10:30am,Low Impact Expected,Consumer Confidence
2024-10-02,12:30pm,Low Impact Expected,Spanish Unemployment Change
2024-10-02,1:18pm,Low Impact Expected,French Gov Budget Balance
2024-10-02,1:30pm,Low Impact Expected,Italian Monthly Unemployment Rate
2024-10-02,2:30pm,Low Impact Expected,Unemployment Rate
2024-10-02,All Day,Medium Impact Expected,OPEC-JMMC Meetings
2024-10-02,3:00pm,Low Impact Expected,FPC Meeting Minutes
2024-10-02,3:00pm,Low Impact Expected,FPC Statement
2024-10-02,3:02pm,Low Impact Expected,German 10-y Bond Auction
2024-10-02,5:45pm,High Impact Expected,ADP Non-Farm Employment Change
2024-10-02,6:30pm,Low Impact Expected,SNB Quarterly Bulletin
2024-10-02,6:30pm,Low Impact Expected,FOMC Member Hammack Speaks
2024-10-02,7:35pm,Low Impact Expected,FOMC Member Musalem Speaks
2024-10-02,8:00pm,Medium Impact Expected,Crude Oil Inventories
2024-10-02,8:30pm,Low Impact Expected,FOMC Member Bowman Speaks
2024-10-02,9:45pm,Low Impact Expected,FOMC Member Barkin Speaks
2024-10-03,5:30am,Low Impact Expected,ANZ Commodity Prices m/m
2024-10-03,All Day,Non-Economic,Bank Holiday
2024-10-03,7:00am,Low Impact Expected,Goods Trade Balance
2024-10-03,9:05am,Low Impact Expected,10-y Bond Auction
2024-10-03,All Day,Non-Economic,German Bank Holiday
2024-10-03,12:00pm,High Impact Expected,CPI m/m
2024-10-03,12:45pm,Low Impact Expected,Spanish Services PMI
2024-10-03,1:15pm,Low Impact Expected,Italian Services PMI
2024-10-03,1:20pm,Low Impact Expected,French Final Services PMI
2024-10-03,1:25pm,Low Impact Expected,German Final Services PMI
2024-10-03,1:30pm,Low Impact Expected,Final Services PMI
2024-10-03,2:00pm,Low Impact Expected,Final Services PMI
2024-10-03,2:29pm,Low Impact Expected,French 10-y Bond Auction
2024-10-03,2:30pm,Low Impact Expected,PPI m/m
2024-10-03,5:00pm,Low Impact Expected,Challenger Job Cuts y/y
2024-10-03,6:00pm,High Impact Expected,Unemployment Claims
2024-10-03,7:15pm,Medium Impact Expected,Final Services PMI
2024-10-03,7:30pm,High Impact Expected,ISM Services PMI
2024-10-03,7:30pm,Low Impact Expected,Factory Orders m/m
2024-10-03,7:30pm,Low Impact Expected,FOMC Member Schmid Speaks
2024-10-03,8:00pm,Low Impact Expected,Natural Gas Storage
2024-10-03,8:10pm,Low Impact Expected,FOMC Member Bostic Speaks
2024-10-04,All Day,Non-Economic,Bank Holiday
2024-10-04,11:15am,Low Impact Expected,Unemployment Rate
2024-10-04,12:15pm,Low Impact Expected,French Industrial Production m/m
2024-10-04,1:25pm,Low Impact Expected,MPC Member Pill Speaks
2024-10-04,2:00pm,Medium Impact Expected,Construction PMI
2024-10-04,2:00pm,Low Impact Expected,Housing Equity Withdrawal q/q
2024-10-04,3:30pm,Low Impact Expected,Italian Retail Sales m/m
2024-10-04,6:00pm,High Impact Expected,Average Hourly Earnings m/m
2024-10-04,6:00pm,High Impact Expected,Non-Farm Employment Change
2024-10-04,6:00pm,High Impact Expected,Unemployment Rate
2024-10-04,6:30pm,Low Impact Expected,FOMC Member Williams Speaks
2024-10-04,7:30pm,Medium Impact Expected,Ivey PMI
2024-10-04,7:30pm,Low Impact Expected,FOMC Member Goolsbee Speaks
2024-10-04,8:00pm,Low Impact Expected,FOMC Member Goolsbee Speaks
2024-10-05,1:30am,Low Impact Expected,FOMC Member Goolsbee Speaks
2024-10-05,9:30pm,Non-Economic,Daylight Saving Time Shift
2024-10-07,All Day,Non-Economic,Bank Holiday
2024-10-07,5:30am,Low Impact Expected,MI Inflation Gauge m/m
2024-10-07,All Day,Non-Economic,Bank Holiday
2024-10-07,10:30am,Low Impact Expected,Leading Indicators
2024-10-07,11:30am,Low Impact Expected,German Factory Orders m/m
2024-10-07,11:30am,Low Impact Expected,Halifax HPI m/m
2024-10-07,12:30pm,Low Impact Expected,Foreign Currency Reserves
2024-10-07,2:00pm,Low Impact Expected,Sentix Investor Confidence
2024-10-07,2:30pm,Low Impact Expected,Retail Sales m/m
2024-10-07,All Day,Low Impact Expected,Eurogroup Meetings
2024-10-07,8:00pm,Low Impact Expected,German Buba President Nagel Speaks
2024-10-07,10:30pm,Low Impact Expected,FOMC Member Bowman Speaks
2024-10-07,11:20pm,Low Impact Expected,FOMC Member Kashkari Speaks
2024-10-08,12:30am,Low Impact Expected,Consumer Credit m/m
2024-10-08,4:00am,Low Impact Expected,FOMC Member Musalem Speaks
2024-10-08,4:31am,Low Impact Expected,BRC Retail Sales Monitor y/y
2024-10-08,5:00am,Low Impact Expected,Westpac Consumer Sentiment
2024-10-08,5:00am,Low Impact Expected,Average Cash Earnings y/y
2024-10-08,5:00am,Low Impact Expected,Household Spending y/y
2024-10-08,5:20am,Low Impact Expected,Current Account
2024-10-08,6:00am,Medium Impact Expected,Monetary Policy Meeting Minutes
2024-10-08,6:00am,Low Impact Expected,ANZ Job Advertisements m/m
2024-10-08,6:00am,Low Impact Expected,NAB Business Confidence
2024-10-08,6:30am,Low Impact Expected,RBA Deputy Gov Hauser Speaks
2024-10-08,9:05am,Low Impact Expected,30-y Bond Auction
2024-10-08,10:30am,Low Impact Expected,Economy Watchers Sentiment
2024-10-08,11:30am,Low Impact Expected,German Industrial Production m/m
2024-10-08,12:15pm,Low Impact Expected,French Trade Balance
2024-10-08,12:30pm,Low Impact Expected,FOMC Member Kugler Speaks
2024-10-08,All Day,Low Impact Expected,ECOFIN Meetings
2024-10-08,3:30pm,Low Impact Expected,NFIB Small Business Index
2024-10-08,6:00pm,Low Impact Expected,Trade Balance
2024-10-08,6:30pm,Low Impact Expected,Trade Balance
2024-10-08,7:30pm,Low Impact Expected,RCM/TIPP Economic Optimism
2024-10-08,10:15pm,Low Impact Expected,FOMC Member Bostic Speaks
2024-10-08,10:30pm,Low Impact Expected,German Buba President Nagel Speaks
2024-10-09,1:30am,Low Impact Expected,FOMC Member Collins Speaks
2024-10-09,5:00am,Low Impact Expected,FOMC Member Jefferson Speaks
2024-10-09,5:30am,Low Impact Expected,RBA Assist Gov Kent Speaks
2024-10-09,6:30am,High Impact Expected,Official Cash Rate
2024-10-09,6:30am,High Impact Expected,RBNZ Rate Statement
2024-10-09,11:29am,Low Impact Expected,Prelim Machine Tool Orders y/y
2024-10-09,11:30am,Low Impact Expected,German Trade Balance
2024-10-09,2:38pm,Low Impact Expected,10-y Bond Auction
2024-10-09,5:30pm,Low Impact Expected,FOMC Member Bostic Speaks
2024-10-09,6:45pm,Low Impact Expected,FOMC Member Logan Speaks
2024-10-09,7:30pm,Low Impact Expected,Final Wholesale Inventories m/m
2024-10-09,8:00pm,Medium Impact Expected,Crude Oil Inventories
2024-10-09,8:00pm,Low Impact Expected,FOMC Member Goolsbee Speaks
2024-10-09,10:00pm,Low Impact Expected,FOMC Member Jefferson Speaks
2024-10-09,10:31pm,Low Impact Expected,10-y Bond Auction
2024-10-09,11:30pm,High Impact Expected,FOMC Meeting Minutes
2024-10-10,2:30am,Low Impact Expected,FOMC Member Collins Speaks
2024-10-10,3:30am,Low Impact Expected,FOMC Member Daly Speaks
2024-10-10,4:31am,Low Impact Expected,RICS House Price Balance
2024-10-10,5:20am,Low Impact Expected,Bank Lending y/y
2024-10-10,5:20am,Low Impact Expected,PPI y/y
2024-10-10,5:30am,Low Impact Expected,MI Inflation Expectations
2024-10-10,May Data,Low Impact Expected,German Retail Sales m/m
2024-10-10,June Data,Low Impact Expected,German Retail Sales m/m
2024-10-10,July Data,Low Impact Expected,German Retail Sales m/m
2024-10-10,11:30am,Low Impact Expected,German Retail Sales m/m
2024-10-10,1:15pm,Low Impact Expected,RBA Assist Gov Hunter Speaks
2024-10-10,1:30pm,Low Impact Expected,Italian Industrial Production m/m
2024-10-10,2:00pm,Low Impact Expected,BOE Credit Conditions Survey
2024-10-10,5:00pm,Low Impact Expected,ECB Monetary Policy Meeting Accounts
2024-10-10,6:00pm,High Impact Expected,Core CPI m/m
2024-10-10,6:00pm,High Impact Expected,CPI m/m
2024-10-10,6:00pm,High Impact Expected,CPI y/y
2024-10-10,6:00pm,High Impact Expected,Unemployment Claims
2024-10-10,6:45pm,Low Impact Expected,FOMC Member Cook Speaks
2024-10-10,8:00pm,Low Impact Expected,FOMC Member Barkin Speaks
2024-10-10,8:00pm,Low Impact Expected,Natural Gas Storage
2024-10-10,8:30pm,Low Impact Expected,FOMC Member Williams Speaks
2024-10-10,9:00pm,Low Impact Expected,Gov Board Member Martin Speaks
2024-10-10,10:31pm,Low Impact Expected,30-y Bond Auction
2024-10-11,3:00am,Low Impact Expected,BusinessNZ Manufacturing Index
2024-10-11,3:15am,Low Impact Expected,FPI m/m
2024-10-11,3:15am,Low Impact Expected,Visitor Arrivals m/m
2024-10-11,5:20am,Low Impact Expected,M2 Money Stock y/y
2024-10-11,11:30am,Low Impact Expected,German Final CPI m/m
2024-10-11,11:30am,High Impact Expected,GDP m/m
2024-10-11,11:30am,Low Impact Expected,Construction Output m/m
2024-10-11,11:30am,Low Impact Expected,Goods Trade Balance
2024-10-11,11:30am,Low Impact Expected,Index of Services 3m/3m
2024-10-11,11:30am,Low Impact Expected,Industrial Production m/m
2024-10-11,11:30am,Low Impact Expected,Manufacturing Production m/m
2024-10-11,12:30pm,Low Impact Expected,SECO Consumer Climate
2024-10-11,6:00pm,High Impact Expected,Employment Change
2024-10-11,6:00pm,High Impact Expected,Unemployment Rate
2024-10-11,6:00pm,Low Impact Expected,Building Permits m/m
2024-10-11,6:00pm,High Impact Expected,Core PPI m/m
2024-10-11,6:00pm,High Impact Expected,PPI m/m
2024-10-11,6:02pm,Low Impact Expected,NIESR GDP Estimate
2024-10-11,7:00pm,Low Impact Expected,CB Leading Index m/m
2024-10-11,7:15pm,Low Impact Expected,FOMC Member Goolsbee Speaks
2024-10-11,7:30pm,Medium Impact Expected,Prelim UoM Consumer Sentiment
2024-10-11,7:30pm,Medium Impact Expected,Prelim UoM Inflation Expectations
2024-10-11,8:00pm,Low Impact Expected,BOC Business Outlook Survey
2024-10-11,8:15pm,Low Impact Expected,FOMC Member Logan Speaks
2024-10-11,10:40pm,Low Impact Expected,FOMC Member Bowman Speaks
2024-10-13,7:00am,Medium Impact Expected,CPI y/y
2024-10-13,7:00am,Medium Impact Expected,PPI y/y
2024-10-14,1:45am,Medium Impact Expected,RBNZ Gov Orr Speaks
2024-10-14,3:00am,Low Impact Expected,BusinessNZ Services Index
2024-10-14,All Day,Non-Economic,Bank Holiday
2024-10-14,11:45am,Low Impact Expected,German Buba President Nagel Speaks
2024-10-14,12:00pm,Low Impact Expected,PPI m/m
2024-10-14,12:00pm,Low Impact Expected,MPC Member Dhingra Speaks
2024-10-14,1:42pm,Low Impact Expected,USD-Denominated Trade Balance
2024-10-14,1:43pm,Low Impact Expected,Trade Balance
2024-10-14,2:31pm,Low Impact Expected,M2 Money Supply y/y
2024-10-14,2:32pm,Medium Impact Expected,New Loans
2024-10-14,All Day,Non-Economic,Bank Holiday
2024-10-14,All Day,Non-Economic,Bank Holiday
2024-10-14,6:30pm,Low Impact Expected,FOMC Member Kashkari Speaks
2024-10-15,12:30am,Medium Impact Expected,FOMC Member Waller Speaks
2024-10-15,2:30am,Low Impact Expected,FOMC Member Kashkari Speaks
2024-10-15,10:00am,Low Impact Expected,Revised Industrial Production m/m
2024-10-15,11:30am,Low Impact Expected,German WPI m/m
2024-10-15,11:30am,High Impact Expected,Claimant Count Change
2024-10-15,11:30am,Medium Impact Expected,Average Earnings Index 3m/y
2024-10-15,11:30am,Low Impact Expected,Unemployment Rate
2024-10-15,12:15pm,Low Impact Expected,French Final CPI m/m
2024-10-15,2:30pm,Medium Impact Expected,German ZEW Economic Sentiment
2024-10-15,2:30pm,Low Impact Expected,Industrial Production m/m
2024-10-15,2:30pm,Low Impact Expected,ZEW Economic Sentiment
2024-10-15,6:00pm,High Impact Expected,CPI m/m
2024-10-15,6:00pm,High Impact Expected,Median CPI y/y
2024-10-15,6:00pm,High Impact Expected,Trimmed CPI y/y
2024-10-15,6:00pm,Medium Impact Expected,Common CPI y/y
2024-10-15,6:00pm,Low Impact Expected,Wholesale Sales m/m
2024-10-15,6:00pm,Medium Impact Expected,Empire State Manufacturing Index
2024-10-15,6:02pm,Low Impact Expected,Core CPI m/m
2024-10-15,8:11pm,Low Impact Expected,GDT Price Index
2024-10-15,9:00pm,Low Impact Expected,FOMC Member Daly Speaks
2024-10-15,10:30pm,Low Impact Expected,FOMC Member Kugler Speaks
2024-10-16,3:15am,High Impact Expected,CPI q/q
2024-10-16,3:30am,Low Impact Expected,RBA Assist Gov Hunter Speaks
2024-10-16,5:00am,Low Impact Expected,MI Leading Index m/m
2024-10-16,5:20am,Low Impact Expected,Core Machinery Orders m/m
2024-10-16,11:30am,High Impact Expected,CPI y/y
2024-10-16,11:30am,Low Impact Expected,Core CPI y/y
2024-10-16,11:30am,Low Impact Expected,PPI Input m/m
2024-10-16,11:30am,Low Impact Expected,PPI Output m/m
2024-10-16,11:30am,Low Impact Expected,RPI y/y
2024-10-16,2:00pm,Low Impact Expected,HPI y/y
2024-10-16,3:04pm,Low Impact Expected,German 30-y Bond Auction
2024-10-16,5:45pm,Low Impact Expected,Housing Starts
2024-10-16,6:00pm,Low Impact Expected,Manufacturing Sales m/m
2024-10-16,6:00pm,Low Impact Expected,Import Prices m/m
2024-10-16,8:00pm,Low Impact Expected,CB Leading Index m/m
2024-10-17,12:10am,Medium Impact Expected,ECB President Lagarde Speaks
2024-10-17,5:20am,Low Impact Expected,Trade Balance
2024-10-17,6:00am,High Impact Expected,Employment Change
2024-10-17,6:00am,High Impact Expected,Unemployment Rate
2024-10-17,6:00am,Low Impact Expected,RBA Bulletin
2024-10-17,6:02am,Low Impact Expected,NAB Quarterly Business Confidence
2024-10-17,10:00am,Low Impact Expected,Tertiary Industry Activity m/m
2024-10-17,11:30am,Low Impact Expected,Trade Balance
2024-10-17,2:17pm,Low Impact Expected,Spanish 10-y Bond Auction
2024-10-17,2:30pm,Low Impact Expected,Final Core CPI y/y
2024-10-17,2:30pm,Low Impact Expected,Final CPI y/y
2024-10-17,2:30pm,Low Impact Expected,Italian Trade Balance
2024-10-17,2:30pm,Low Impact Expected,Trade Balance
2024-10-17,5:45pm,High Impact Expected,Main Refinancing Rate
2024-10-17,5:45pm,High Impact Expected,Monetary Policy Statement
2024-10-17,6:00pm,Low Impact Expected,Foreign Securities Purchases
2024-10-17,6:00pm,High Impact Expected,Core Retail Sales m/m
2024-10-17,6:00pm,High Impact Expected,Retail Sales m/m
2024-10-17,6:00pm,High Impact Expected,Unemployment Claims
2024-10-17,6:00pm,Medium Impact Expected,Philly Fed Manufacturing Index
2024-10-17,6:15pm,High Impact Expected,ECB Press Conference
2024-10-17,6:45pm,Low Impact Expected,Capacity Utilization Rate
2024-10-17,6:45pm,Low Impact Expected,Industrial Production m/m
2024-10-17,7:30pm,Low Impact Expected,Business Inventories m/m
2024-10-17,7:30pm,Low Impact Expected,NAHB Housing Market Index
2024-10-17,8:00pm,Low Impact Expected,Natural Gas Storage
2024-10-17,8:30pm,Medium Impact Expected,Crude Oil Inventories
2024-10-17,8:30pm,Low Impact Expected,FOMC Member Goolsbee Speaks
2024-10-18,12:30am,Medium Impact Expected,Treasury Sec Yellen Speaks
2024-10-18,1:30am,Low Impact Expected,TIC Long-Term Purchases
2024-10-18,5:00am,Low Impact Expected,National Core CPI y/y
2024-10-18,7:00am,Low Impact Expected,New Home Prices m/m
2024-10-18,7:30am,Medium Impact Expected,GDP q/y
2024-10-18,7:30am,Medium Impact Expected,Industrial Production y/y
2024-10-18,7:30am,Medium Impact Expected,Retail Sales y/y
2024-10-18,7:30am,Low Impact Expected,Fixed Asset Investment ytd/y
2024-10-18,7:30am,Low Impact Expected,NBS Press Conference
2024-10-18,7:30am,Low Impact Expected,Unemployment Rate
2024-10-18,11:30am,High Impact Expected,Retail Sales m/m
2024-10-18,1:30pm,Low Impact Expected,Current Account
2024-10-18,6:00pm,Medium Impact Expected,Building Permits
2024-10-18,6:00pm,Low Impact Expected,Housing Starts
2024-10-18,9:40pm,Medium Impact Expected,FOMC Member Waller Speaks
2024-10-18,10:00pm,Low Impact Expected,FOMC Member Bostic Speaks
2024-10-19,1:30am,Low Impact Expected,Federal Budget Balance
2024-10-21,4:31am,Low Impact Expected,Rightmove HPI m/m
2024-10-21,6:30am,Low Impact Expected,RBA Deputy Gov Hauser Speaks
2024-10-21,6:30am,Medium Impact Expected,1-y Loan Prime Rate
2024-10-21,6:30am,Medium Impact Expected,5-y Loan Prime Rate
2024-10-21,7:30am,Low Impact Expected,Credit Card Spending y/y
2024-10-21,11:30am,Low Impact Expected,German PPI m/m
2024-10-21,6:25pm,Low Impact Expected,FOMC Member Logan Speaks
2024-10-21,7:30pm,Low Impact Expected,CB Leading Index m/m
2024-10-21,Day 1,Low Impact Expected,IMF Meetings
2024-10-21,10:30pm,Low Impact Expected,FOMC Member Kashkari Speaks
2024-10-22,2:35am,Low Impact Expected,FOMC Member Schmid Speaks
2024-10-22,3:15am,Low Impact Expected,Trade Balance
2024-10-22,4:10am,Low Impact Expected,FOMC Member Daly Speaks
2024-10-22,10:30am,Low Impact Expected,BOJ Core CPI y/y
2024-10-22,11:30am,Low Impact Expected,Public Sector Net Borrowing
2024-10-22,Day 1,Medium Impact Expected,BRICS Summit
2024-10-22,6:00pm,Low Impact Expected,IPPI m/m
2024-10-22,6:00pm,Low Impact Expected,RMPI m/m
2024-10-22,6:55pm,High Impact Expected,BOE Gov Bailey Speaks
2024-10-22,7:15pm,Low Impact Expected,MPC Member Greene Speaks
2024-10-22,7:29pm,Medium Impact Expected,Richmond Manufacturing Index
2024-10-22,7:30pm,Medium Impact Expected,ECB President Lagarde Speaks
2024-10-22,7:30pm,Medium Impact Expected,FOMC Member Harker Speaks
2024-10-22,Day 2,Low Impact Expected,IMF Meetings
2024-10-23,12:45am,Medium Impact Expected,ECB President Lagarde Speaks
2024-10-23,12:45am,Low Impact Expected,MPC Member Breeden Speaks
2024-10-23,Day 2,Medium Impact Expected,BRICS Summit
2024-10-23,3:07pm,Low Impact Expected,German 10-y Bond Auction
2024-10-23,6:30pm,Low Impact Expected,MPC Member Breeden Speaks
2024-10-23,6:30pm,Low Impact Expected,FOMC Member Bowman Speaks
2024-10-23,7:15pm,High Impact Expected,BOC Monetary Policy Report
2024-10-23,7:15pm,High Impact Expected,BOC Rate Statement
2024-10-23,7:15pm,High Impact Expected,Overnight Rate
2024-10-23,7:30pm,Medium Impact Expected,ECB President Lagarde Speaks
2024-10-23,7:30pm,Low Impact Expected,Consumer Confidence
2024-10-23,7:30pm,Medium Impact Expected,Existing Home Sales
2024-10-23,Day 3,Low Impact Expected,IMF Meetings
2024-10-23,8:00pm,High Impact Expected,BOC Press Conference
2024-10-23,8:00pm,Medium Impact Expected,Crude Oil Inventories
2024-10-23,9:30pm,Low Impact Expected,FOMC Member Barkin Speaks
2024-10-23,10:27pm,Medium Impact Expected,RBNZ Gov Orr Speaks
2024-10-23,11:30pm,Low Impact Expected,Beige Book
2024-10-24,12:15am,High Impact Expected,BOE Gov Bailey Speaks
2024-10-24,3:30am,Low Impact Expected,Flash Manufacturing PMI
2024-10-24,3:30am,Low Impact Expected,Flash Services PMI
2024-10-24,6:00am,Low Impact Expected,Flash Manufacturing PMI
2024-10-24,12:45pm,High Impact Expected,French Flash Manufacturing PMI
2024-10-24,12:45pm,High Impact Expected,French Flash Services PMI
2024-10-24,1:00pm,High Impact Expected,German Flash Manufacturing PMI
2024-10-24,1:00pm,High Impact Expected,German Flash Services PMI
2024-10-24,1:30pm,Medium Impact Expected,Flash Manufacturing PMI
2024-10-24,1:30pm,Medium Impact Expected,Flash Services PMI
2024-10-24,Day 3,Medium Impact Expected,BRICS Summit
2024-10-24,2:00pm,High Impact Expected,Flash Manufacturing PMI
2024-10-24,2:00pm,High Impact Expected,Flash Services PMI
2024-10-24,3:30pm,Low Impact Expected,German Buba Monthly Report
2024-10-24,3:30pm,Low Impact Expected,CBI Industrial Order Expectations
2024-10-24,6:00pm,High Impact Expected,Unemployment Claims
2024-10-24,6:15pm,Low Impact Expected,FOMC Member Hammack Speaks
2024-10-24,6:30pm,Low Impact Expected,MPC Member Mann Speaks
2024-10-24,7:15pm,High Impact Expected,Flash Manufacturing PMI
2024-10-24,7:15pm,High Impact Expected,Flash Services PMI
2024-10-24,7:30pm,Medium Impact Expected,New Home Sales
2024-10-24,Day 4,Low Impact Expected,IMF Meetings
2024-10-24,8:00pm,Low Impact Expected,Natural Gas Storage
2024-10-25,1:15am,High Impact Expected,BOE Gov Bailey Speaks
2024-10-25,4:31am,Low Impact Expected,GfK Consumer Confidence
2024-10-25,5:00am,Medium Impact Expected,Tokyo Core CPI y/y
2024-10-25,5:20am,Low Impact Expected,SPPI y/y
2024-10-25,10:00am,Low Impact Expected,RBA Annual Report
2024-10-25,12:30pm,Low Impact Expected,Spanish Unemployment Rate
2024-10-25,1:30pm,Medium Impact Expected,German ifo Business Climate
2024-10-25,1:30pm,Low Impact Expected,M3 Money Supply y/y
2024-10-25,1:30pm,Low Impact Expected,Private Loans y/y
2024-10-25,2:31pm,Low Impact Expected,Foreign Direct Investment ytd/y
2024-10-25,6:00pm,High Impact Expected,Core Retail Sales m/m
2024-10-25,6:00pm,High Impact Expected,Retail Sales m/m
2024-10-25,6:00pm,Low Impact Expected,NHPI m/m
2024-10-25,6:00pm,Medium Impact Expected,Core Durable Goods Orders m/m
2024-10-25,6:00pm,Medium Impact Expected,Durable Goods Orders m/m
2024-10-25,6:25pm,Low Impact Expected,Belgian NBB Business Climate
2024-10-25,7:30pm,Medium Impact Expected,Revised UoM Consumer Sentiment
2024-10-25,7:30pm,Low Impact Expected,Revised UoM Inflation Expectations
2024-10-25,Day 5,Low Impact Expected,IMF Meetings
2024-10-25,8:30pm,Low Impact Expected,FOMC Member Collins Speaks
2024-10-26,Day 6,Low Impact Expected,IMF Meetings
2024-10-26,8:50pm,Medium Impact Expected,BOE Gov Bailey Speaks
2024-10-27,7:30am,Non-Economic,Daylight Saving Time Shift
2024-10-27,7:30am,Non-Economic,Daylight Saving Time Shift
2024-10-27,7:30am,Non-Economic,Daylight Saving Time Shift
2024-10-27,All Day,High Impact Expected,Lower House Elections
2024-10-28,All Day,Non-Economic,Bank Holiday
2024-10-28,4:30pm,Low Impact Expected,CBI Realized Sales
2024-10-28,6:30pm,Low Impact Expected,CB Leading Index m/m
2024-10-28,11:00pm,High Impact Expected,BOC Gov Macklem Speaks
2024-10-29,5:00am,Low Impact Expected,Unemployment Rate
2024-10-29,5:31am,Low Impact Expected,BRC Shop Price Index y/y
2024-10-29,12:30pm,Low Impact Expected,German GfK Consumer Climate
2024-10-29,3:00pm,Low Impact Expected,M4 Money Supply m/m
2024-10-29,3:00pm,Low Impact Expected,Mortgage Approvals
2024-10-29,3:00pm,Low Impact Expected,Net Lending to Individuals m/m
2024-10-29,6:00pm,Low Impact Expected,Goods Trade Balance
2024-10-29,6:00pm,Low Impact Expected,Prelim Wholesale Inventories m/m
2024-10-29,6:30pm,Medium Impact Expected,S&P/CS Composite-20 HPI y/y
2024-10-29,6:30pm,Low Impact Expected,HPI m/m
2024-10-29,7:30pm,High Impact Expected,CB Consumer Confidence
2024-10-29,7:30pm,High Impact Expected,JOLTS Job Openings
2024-10-29,11:30pm,High Impact Expected,SNB Chairman Schlegel Speaks
2024-10-30,1:00am,High Impact Expected,BOC Gov Macklem Speaks
2024-10-30,6:00am,High Impact Expected,CPI q/q
2024-10-30,6:00am,High Impact Expected,CPI y/y
2024-10-30,6:00am,High Impact Expected,Trimmed Mean CPI q/q
2024-10-30,10:30am,Low Impact Expected,Consumer Confidence
2024-10-30,All Day,High Impact Expected,German Prelim CPI m/m
2024-10-30,12:00pm,Low Impact Expected,French Consumer Spending m/m
2024-10-30,12:00pm,Low Impact Expected,French Flash GDP q/q
2024-10-30,1:30pm,Low Impact Expected,KOF Economic Barometer
2024-10-30,1:30pm,Medium Impact Expected,Spanish Flash CPI y/y
2024-10-30,1:30pm,Low Impact Expected,Spanish Flash GDP q/q
2024-10-30,2:25pm,Low Impact Expected,German Unemployment Change
2024-10-30,2:30pm,High Impact Expected,SNB Chairman Schlegel Speaks
2024-10-30,2:30pm,Low Impact Expected,UBS Economic Expectations
2024-10-30,2:30pm,Low Impact Expected,Italian Prelim GDP q/q
2024-10-30,2:30pm,Low Impact Expected,German Prelim GDP q/q
2024-10-30,3:30pm,Low Impact Expected,Prelim Flash GDP q/q
2024-10-30,3:52pm,Low Impact Expected,Italian 10-y Bond Auction
2024-10-30,5:45pm,High Impact Expected,ADP Non-Farm Employment Change
2024-10-30,6:00pm,High Impact Expected,Advance GDP q/q
2024-10-30,6:00pm,Medium Impact Expected,Advance GDP Price Index q/q
2024-10-30,6:03pm,Medium Impact Expected,Autumn Forecast Statement
2024-10-30,7:30pm,Medium Impact Expected,Pending Home Sales m/m
2024-10-30,8:00pm,Medium Impact Expected,Crude Oil Inventories
2024-10-30,11:30pm,Low Impact Expected,German Buba President Nagel Speaks
2024-10-31,1:45am,High Impact Expected,BOC Gov Macklem Speaks
2024-10-31,5:20am,Low Impact Expected,Prelim Industrial Production m/m
2024-10-31,5:20am,Low Impact Expected,Retail Sales y/y
2024-10-31,5:30am,Low Impact Expected,ANZ Business Confidence
2024-10-31,6:00am,Medium Impact Expected,Retail Sales m/m
2024-10-31,6:00am,Low Impact Expected,Building Approvals m/m
2024-10-31,6:00am,Low Impact Expected,Import Prices q/q
2024-10-31,6:00am,Low Impact Expected,Private Sector Credit m/m
2024-10-31,7:00am,High Impact Expected,Manufacturing PMI
2024-10-31,7:00am,Medium Impact Expected,Non-Manufacturing PMI
2024-10-31,7:05am,Low Impact Expected,MPC Member Breeden Speaks
2024-10-31,8:18am,High Impact Expected,BOJ Outlook Report
2024-10-31,8:18am,High Impact Expected,BOJ Policy Rate
2024-10-31,8:18am,High Impact Expected,Monetary Policy Statement
2024-10-31,10:30am,Low Impact Expected,Housing Starts y/y
2024-10-31,12:00pm,High Impact Expected,BOJ Press Conference
2024-10-31,12:30pm,Low Impact Expected,German Import Prices m/m
2024-10-31,12:30pm,Low Impact Expected,German Retail Sales m/m
2024-10-31,1:15pm,Low Impact Expected,French Prelim CPI m/m
2024-10-31,2:30pm,Low Impact Expected,ECB Economic Bulletin
2024-10-31,2:30pm,Low Impact Expected,Italian Monthly Unemployment Rate
2024-10-31,3:30pm,Medium Impact Expected,Core CPI Flash Estimate y/y
2024-10-31,3:30pm,Medium Impact Expected,CPI Flash Estimate y/y
2024-10-31,3:30pm,Low Impact Expected,Italian Prelim CPI m/m
2024-10-31,3:30pm,Low Impact Expected,Unemployment Rate
2024-10-31,3:33pm,Low Impact Expected,30-y Bond Auction
2024-10-31,5:00pm,Low Impact Expected,Challenger Job Cuts y/y
2024-10-31,6:00pm,High Impact Expected,GDP m/m
2024-10-31,6:00pm,High Impact Expected,Core PCE Price Index m/m
2024-10-31,6:00pm,High Impact Expected,Employment Cost Index q/q
2024-10-31,6:00pm,High Impact Expected,Unemployment Claims
2024-10-31,6:00pm,Low Impact Expected,Personal Income m/m
2024-10-31,6:00pm,Low Impact Expected,Personal Spending m/m
2024-10-31,7:15pm,Medium Impact Expected,Chicago PMI
2024-10-31,8:00pm,Low Impact Expected,Natural Gas Storage
2024-10-01,1:40am,Low Impact Expected,MPC Member Greene Speaks
2024-10-01,2:30am,Medium Impact Expected,NZIER Business Confidence
2024-10-01,3:15am,Low Impact Expected,Building Consents m/m
2024-10-01,4:31am,Low Impact Expected,BRC Shop Price Index y/y
2024-10-01,5:00am,Low Impact Expected,Unemployment Rate
2024-10-01,5:20am,Low Impact Expected,BOJ Summary of Opinions
2024-10-01,5:20am,Low Impact Expected,Tankan Manufacturing Index
2024-10-01,5:20am,Low Impact Expected,Tankan Non-Manufacturing Index
2024-10-01,All Day,Non-Economic,Bank Holiday
2024-10-01,6:00am,Low Impact Expected,Final Manufacturing PMI
2024-10-01,7:00am,Medium Impact Expected,Retail Sales m/m
2024-10-01,7:00am,Low Impact Expected,Building Approvals m/m
2024-10-01,12:00pm,Low Impact Expected,Commodity Prices y/y
2024-10-01,12:00pm,Low Impact Expected,Retail Sales y/y
2024-10-01,12:30pm,Low Impact Expected,German Buba President Nagel Speaks
2024-10-01,12:45pm,Low Impact Expected,Spanish Manufacturing PMI
2024-10-01,1:00pm,Low Impact Expected,Manufacturing PMI
2024-10-01,1:15pm,Low Impact Expected,Italian Manufacturing PMI
2024-10-01,1:20pm,Low Impact Expected,French Final Manufacturing PMI
2024-10-01,1:25pm,Low Impact Expected,German Final Manufacturing PMI
2024-10-01,1:30pm,Low Impact Expected,Final Manufacturing PMI
2024-10-01,2:00pm,Low Impact Expected,Final Manufacturing PMI
2024-10-01,2:30pm,High Impact Expected,Core CPI Flash Estimate y/y
2024-10-01,2:30pm,High Impact Expected,CPI Flash Estimate y/y
2024-10-01,7:00pm,Low Impact Expected,Manufacturing PMI
2024-10-01,7:15pm,Medium Impact Expected,Final Manufacturing PMI
2024-10-01,7:30pm,Low Impact Expected,MPC Member Pill Speaks
2024-10-01,7:30pm,High Impact Expected,ISM Manufacturing PMI
2024-10-01,7:30pm,High Impact Expected,JOLTS Job Openings
2024-10-01,7:30pm,Medium Impact Expected,ISM Manufacturing Prices
2024-10-01,7:30pm,Low Impact Expected,Construction Spending m/m
2024-10-01,All Day,Low Impact Expected,Wards Total Vehicle Sales
2024-10-01,8:30pm,Low Impact Expected,FOMC Member Bostic Speaks
2024-10-01,8:40pm,Low Impact Expected,FOMC Member Cook Speaks
2024-10-01,8:45pm,High Impact Expected,SNB Chairman Schlegel Speaks
2024-10-01,8:47pm,Low Impact Expected,GDT Price Index
2024-10-02,3:45am,Low Impact Expected,FOMC Member Barkin Speaks
2024-10-02,3:45am,Low Impact Expected,FOMC Member Bostic Speaks
2024-10-02,3:45am,Low Impact Expected,FOMC Member Collins Speaks
2024-10-02,5:20am,Low Impact Expected,Monetary Base y/y
2024-10-02,All Day,Non-Economic,Bank Holiday
2024-10-02,10:30am,Low Impact Expected,Consumer Confidence
2024-10-02,12:30pm,Low Impact Expected,Spanish Unemployment Change
2024-10-02,1:18pm,Low Impact Expected,French Gov Budget Balance
2024-10-02,1:30pm,Low Impact Expected,Italian Monthly Unemployment Rate
2024-10-02,2:30pm,Low Impact Expected,Unemployment Rate
2024-10-02,All Day,Medium Impact Expected,OPEC-JMMC Meetings
2024-10-02,3:00pm,Low Impact Expected,FPC Meeting Minutes
2024-10-02,3:00pm,Low Impact Expected,FPC Statement
2024-10-02,3:02pm,Low Impact Expected,German 10-y Bond Auction
2024-10-02,5:45pm,High Impact Expected,ADP Non-Farm Employment Change
2024-10-02,6:30pm,Low Impact Expected,SNB Quarterly Bulletin
2024-10-02,6:30pm,Low Impact Expected,FOMC Member Hammack Speaks
2024-10-02,7:35pm,Low Impact Expected,FOMC Member Musalem Speaks
2024-10-02,8:00pm,Medium Impact Expected,Crude Oil Inventories
2024-10-02,8:30pm,Low Impact Expected,FOMC Member Bowman Speaks
2024-10-02,9:45pm,Low Impact Expected,FOMC Member Barkin Speaks
2024-10-03,5:30am,Low Impact Expected,ANZ Commodity Prices m/m
2024-10-03,All Day,Non-Economic,Bank Holiday
2024-10-03,7:00am,Low Impact Expected,Goods Trade Balance
2024-10-03,9:05am,Low Impact Expected,10-y Bond Auction
2024-10-03,All Day,Non-Economic,German Bank Holiday
2024-10-03,12:00pm,High Impact Expected,CPI m/m
2024-10-03,12:45pm,Low Impact Expected,Spanish Services PMI
2024-10-03,1:15pm,Low Impact Expected,Italian Services PMI
2024-10-03,1:20pm,Low Impact Expected,French Final Services PMI
2024-10-03,1:25pm,Low Impact Expected,German Final Services PMI
2024-10-03,1:30pm,Low Impact Expected,Final Services PMI
2024-10-03,2:00pm,Low Impact Expected,Final Services PMI
2024-10-03,2:29pm,Low Impact Expected,French 10-y Bond Auction
2024-10-03,2:30pm,Low Impact Expected,PPI m/m
2024-10-03,5:00pm,Low Impact Expected,Challenger Job Cuts y/y
2024-10-03,6:00pm,High Impact Expected,Unemployment Claims
2024-10-03,7:15pm,Medium Impact Expected,Final Services PMI
2024-10-03,7:30pm,High Impact Expected,ISM Services PMI
2024-10-03,7:30pm,Low Impact Expected,Factory Orders m/m
2024-10-03,7:30pm,Low Impact Expected,FOMC Member Schmid Speaks
2024-10-03,8:00pm,Low Impact Expected,Natural Gas Storage
2024-10-03,8:10pm,Low Impact Expected,FOMC Member Bostic Speaks
2024-10-04,All Day,Non-Economic,Bank Holiday
2024-10-04,11:15am,Low Impact Expected,Unemployment Rate
2024-10-04,12:15pm,Low Impact Expected,French Industrial Production m/m
2024-10-04,1:25pm,Low Impact Expected,MPC Member Pill Speaks
2024-10-04,2:00pm,Medium Impact Expected,Construction PMI
2024-10-04,2:00pm,Low Impact Expected,Housing Equity Withdrawal q/q
2024-10-04,3:30pm,Low Impact Expected,Italian Retail Sales m/m
2024-10-04,6:00pm,High Impact Expected,Average Hourly Earnings m/m
2024-10-04,6:00pm,High Impact Expected,Non-Farm Employment Change
2024-10-04,6:00pm,High Impact Expected,Unemployment Rate
2024-10-04,6:30pm,Low Impact Expected,FOMC Member Williams Speaks
2024-10-04,7:30pm,Medium Impact Expected,Ivey PMI
2024-10-04,7:30pm,Low Impact Expected,FOMC Member Goolsbee Speaks
2024-10-04,8:00pm,Low Impact Expected,FOMC Member Goolsbee Speaks
2024-10-05,1:30am,Low Impact Expected,FOMC Member Goolsbee Speaks
2024-10-05,9:30pm,Non-Economic,Daylight Saving Time Shift
2024-10-07,All Day,Non-Economic,Bank Holiday
2024-10-07,5:30am,Low Impact Expected,MI Inflation Gauge m/m
2024-10-07,All Day,Non-Economic,Bank Holiday
2024-10-07,10:30am,Low Impact Expected,Leading Indicators
2024-10-07,11:30am,Low Impact Expected,German Factory Orders m/m
2024-10-07,11:30am,Low Impact Expected,Halifax HPI m/m
2024-10-07,12:30pm,Low Impact Expected,Foreign Currency Reserves
2024-10-07,2:00pm,Low Impact Expected,Sentix Investor Confidence
2024-10-07,2:30pm,Low Impact Expected,Retail Sales m/m
2024-10-07,All Day,Low Impact Expected,Eurogroup Meetings
2024-10-07,8:00pm,Low Impact Expected,German Buba President Nagel Speaks
2024-10-07,10:30pm,Low Impact Expected,FOMC Member Bowman Speaks
2024-10-07,11:20pm,Low Impact Expected,FOMC Member Kashkari Speaks
2024-10-08,12:30am,Low Impact Expected,Consumer Credit m/m
2024-10-08,4:00am,Low Impact Expected,FOMC Member Musalem Speaks
2024-10-08,4:31am,Low Impact Expected,BRC Retail Sales Monitor y/y
2024-10-08,5:00am,Low Impact Expected,Westpac Consumer Sentiment
2024-10-08,5:00am,Low Impact Expected,Average Cash Earnings y/y
2024-10-08,5:00am,Low Impact Expected,Household Spending y/y
2024-10-08,5:20am,Low Impact Expected,Current Account
2024-10-08,6:00am,Medium Impact Expected,Monetary Policy Meeting Minutes
2024-10-08,6:00am,Low Impact Expected,ANZ Job Advertisements m/m
2024-10-08,6:00am,Low Impact Expected,NAB Business Confidence
2024-10-08,6:30am,Low Impact Expected,RBA Deputy Gov Hauser Speaks
2024-10-08,9:05am,Low Impact Expected,30-y Bond Auction
2024-10-08,10:30am,Low Impact Expected,Economy Watchers Sentiment
2024-10-08,11:30am,Low Impact Expected,German Industrial Production m/m
2024-10-08,12:15pm,Low Impact Expected,French Trade Balance
2024-10-08,12:30pm,Low Impact Expected,FOMC Member Kugler Speaks
2024-10-08,All Day,Low Impact Expected,ECOFIN Meetings
2024-10-08,3:30pm,Low Impact Expected,NFIB Small Business Index
2024-10-08,6:00pm,Low Impact Expected,Trade Balance
2024-10-08,6:30pm,Low Impact Expected,Trade Balance
2024-10-08,7:30pm,Low Impact Expected,RCM/TIPP Economic Optimism
2024-10-08,10:15pm,Low Impact Expected,FOMC Member Bostic Speaks
2024-10-08,10:30pm,Low Impact Expected,German Buba President Nagel Speaks
2024-10-09,1:30am,Low Impact Expected,FOMC Member Collins Speaks
2024-10-09,5:00am,Low Impact Expected,FOMC Member Jefferson Speaks
2024-10-09,5:30am,Low Impact Expected,RBA Assist Gov Kent Speaks
2024-10-09,6:30am,High Impact Expected,Official Cash Rate
2024-10-09,6:30am,High Impact Expected,RBNZ Rate Statement
2024-10-09,11:29am,Low Impact Expected,Prelim Machine Tool Orders y/y
2024-10-09,11:30am,Low Impact Expected,German Trade Balance
2024-10-09,2:38pm,Low Impact Expected,10-y Bond Auction
2024-10-09,5:30pm,Low Impact Expected,FOMC Member Bostic Speaks
2024-10-09,6:45pm,Low Impact Expected,FOMC Member Logan Speaks
2024-10-09,7:30pm,Low Impact Expected,Final Wholesale Inventories m/m
2024-10-09,8:00pm,Medium Impact Expected,Crude Oil Inventories
2024-10-09,8:00pm,Low Impact Expected,FOMC Member Goolsbee Speaks
2024-10-09,10:00pm,Low Impact Expected,FOMC Member Jefferson Speaks
2024-10-09,10:31pm,Low Impact Expected,10-y Bond Auction
2024-10-09,11:30pm,High Impact Expected,FOMC Meeting Minutes
2024-10-10,2:30am,Low Impact Expected,FOMC Member Collins Speaks
2024-10-10,3:30am,Low Impact Expected,FOMC Member Daly Speaks
2024-10-10,4:31am,Low Impact Expected,RICS House Price Balance
2024-10-10,5:20am,Low Impact Expected,Bank Lending y/y
2024-10-10,5:20am,Low Impact Expected,PPI y/y
2024-10-10,5:30am,Low Impact Expected,MI Inflation Expectations
2024-10-10,May Data,Low Impact Expected,German Retail Sales m/m
2024-10-10,June Data,Low Impact Expected,German Retail Sales m/m
2024-10-10,July Data,Low Impact Expected,German Retail Sales m/m
2024-10-10,11:30am,Low Impact Expected,German Retail Sales m/m
2024-10-10,1:15pm,Low Impact Expected,RBA Assist Gov Hunter Speaks
2024-10-10,1:30pm,Low Impact Expected,Italian Industrial Production m/m
2024-10-10,2:00pm,Low Impact Expected,BOE Credit Conditions Survey
2024-10-10,5:00pm,Low Impact Expected,ECB Monetary Policy Meeting Accounts
2024-10-10,6:00pm,High Impact Expected,Core CPI m/m
2024-10-10,6:00pm,High Impact Expected,CPI m/m
2024-10-10,6:00pm,High Impact Expected,CPI y/y
2024-10-10,6:00pm,High Impact Expected,Unemployment Claims
2024-10-10,6:45pm,Low Impact Expected,FOMC Member Cook Speaks
2024-10-10,8:00pm,Low Impact Expected,FOMC Member Barkin Speaks
2024-10-10,8:00pm,Low Impact Expected,Natural Gas Storage
2024-10-10,8:30pm,Low Impact Expected,FOMC Member Williams Speaks
2024-10-10,9:00pm,Low Impact Expected,Gov Board Member Martin Speaks
2024-10-10,10:31pm,Low Impact Expected,30-y Bond Auction
2024-10-11,3:00am,Low Impact Expected,BusinessNZ Manufacturing Index
2024-10-11,3:15am,Low Impact Expected,FPI m/m
2024-10-11,3:15am,Low Impact Expected,Visitor Arrivals m/m
2024-10-11,5:20am,Low Impact Expected,M2 Money Stock y/y
2024-10-11,11:30am,Low Impact Expected,German Final CPI m/m
2024-10-11,11:30am,High Impact Expected,GDP m/m
2024-10-11,11:30am,Low Impact Expected,Construction Output m/m
2024-10-11,11:30am,Low Impact Expected,Goods Trade Balance
2024-10-11,11:30am,Low Impact Expected,Index of Services 3m/3m
2024-10-11,11:30am,Low Impact Expected,Industrial Production m/m
2024-10-11,11:30am,Low Impact Expected,Manufacturing Production m/m
2024-10-11,12:30pm,Low Impact Expected,SECO Consumer Climate
2024-10-11,6:00pm,High Impact Expected,Employment Change
2024-10-11,6:00pm,High Impact Expected,Unemployment Rate
2024-10-11,6:00pm,Low Impact Expected,Building Permits m/m
2024-10-11,6:00pm,High Impact Expected,Core PPI m/m
2024-10-11,6:00pm,High Impact Expected,PPI m/m
2024-10-11,6:02pm,Low Impact Expected,NIESR GDP Estimate
2024-10-11,7:00pm,Low Impact Expected,CB Leading Index m/m
2024-10-11,7:15pm,Low Impact Expected,FOMC Member Goolsbee Speaks
2024-10-11,7:30pm,Medium Impact Expected,Prelim UoM Consumer Sentiment
2024-10-11,7:30pm,Medium Impact Expected,Prelim UoM Inflation Expectations
2024-10-11,8:00pm,Low Impact Expected,BOC Business Outlook Survey
2024-10-11,8:15pm,Low Impact Expected,FOMC Member Logan Speaks
2024-10-11,10:40pm,Low Impact Expected,FOMC Member Bowman Speaks
2024-10-13,7:00am,Medium Impact Expected,CPI y/y
2024-10-13,7:00am,Medium Impact Expected,PPI y/y
2024-10-14,1:45am,Medium Impact Expected,RBNZ Gov Orr Speaks
2024-10-14,3:00am,Low Impact Expected,BusinessNZ Services Index
2024-10-14,All Day,Non-Economic,Bank Holiday
2024-10-14,11:45am,Low Impact Expected,German Buba President Nagel Speaks
2024-10-14,12:00pm,Low Impact Expected,PPI m/m
2024-10-14,12:00pm,Low Impact Expected,MPC Member Dhingra Speaks
2024-10-14,1:42pm,Low Impact Expected,USD-Denominated Trade Balance
2024-10-14,1:43pm,Low Impact Expected,Trade Balance
2024-10-14,2:31pm,Low Impact Expected,M2 Money Supply y/y
2024-10-14,2:32pm,Medium Impact Expected,New Loans
2024-10-14,All Day,Non-Economic,Bank Holiday
2024-10-14,All Day,Non-Economic,Bank Holiday
2024-10-14,6:30pm,Low Impact Expected,FOMC Member Kashkari Speaks
2024-10-15,12:30am,Medium Impact Expected,FOMC Member Waller Speaks
2024-10-15,2:30am,Low Impact Expected,FOMC Member Kashkari Speaks
2024-10-15,10:00am,Low Impact Expected,Revised Industrial Production m/m
2024-10-15,11:30am,Low Impact Expected,German WPI m/m
2024-10-15,11:30am,High Impact Expected,Claimant Count Change
2024-10-15,11:30am,Medium Impact Expected,Average Earnings Index 3m/y
2024-10-15,11:30am,Low Impact Expected,Unemployment Rate
2024-10-15,12:15pm,Low Impact Expected,French Final CPI m/m
2024-10-15,2:30pm,Medium Impact Expected,German ZEW Economic Sentiment
2024-10-15,2:30pm,Low Impact Expected,Industrial Production m/m
2024-10-15,2:30pm,Low Impact Expected,ZEW Economic Sentiment
2024-10-15,6:00pm,High Impact Expected,CPI m/m
2024-10-15,6:00pm,High Impact Expected,Median CPI y/y
2024-10-15,6:00pm,High Impact Expected,Trimmed CPI y/y
2024-10-15,6:00pm,Medium Impact Expected,Common CPI y/y
2024-10-15,6:00pm,Low Impact Expected,Wholesale Sales m/m
2024-10-15,6:00pm,Medium Impact Expected,Empire State Manufacturing Index
2024-10-15,6:02pm,Low Impact Expected,Core CPI m/m
2024-10-15,8:11pm,Low Impact Expected,GDT Price Index
2024-10-15,9:00pm,Low Impact Expected,FOMC Member Daly Speaks
2024-10-15,10:30pm,Low Impact Expected,FOMC Member Kugler Speaks
2024-10-16,3:15am,High Impact Expected,CPI q/q
2024-10-16,3:30am,Low Impact Expected,RBA Assist Gov Hunter Speaks
2024-10-16,5:00am,Low Impact Expected,MI Leading Index m/m
2024-10-16,5:20am,Low Impact Expected,Core Machinery Orders m/m
2024-10-16,11:30am,High Impact Expected,CPI y/y
2024-10-16,11:30am,Low Impact Expected,Core CPI y/y
2024-10-16,11:30am,Low Impact Expected,PPI Input m/m
2024-10-16,11:30am,Low Impact Expected,PPI Output m/m
2024-10-16,11:30am,Low Impact Expected,RPI y/y
2024-10-16,2:00pm,Low Impact Expected,HPI y/y
2024-10-16,3:04pm,Low Impact Expected,German 30-y Bond Auction
2024-10-16,5:45pm,Low Impact Expected,Housing Starts
2024-10-16,6:00pm,Low Impact Expected,Manufacturing Sales m/m
2024-10-16,6:00pm,Low Impact Expected,Import Prices m/m
2024-10-16,8:00pm,Low Impact Expected,CB Leading Index m/m
2024-10-17,12:10am,Medium Impact Expected,ECB President Lagarde Speaks
2024-10-17,5:20am,Low Impact Expected,Trade Balance
2024-10-17,6:00am,High Impact Expected,Employment Change
2024-10-17,6:00am,High Impact Expected,Unemployment Rate
2024-10-17,6:00am,Low Impact Expected,RBA Bulletin
2024-10-17,6:02am,Low Impact Expected,NAB Quarterly Business Confidence
2024-10-17,10:00am,Low Impact Expected,Tertiary Industry Activity m/m
2024-10-17,11:30am,Low Impact Expected,Trade Balance
2024-10-17,2:17pm,Low Impact Expected,Spanish 10-y Bond Auction
2024-10-17,2:30pm,Low Impact Expected,Final Core CPI y/y
2024-10-17,2:30pm,Low Impact Expected,Final CPI y/y
2024-10-17,2:30pm,Low Impact Expected,Italian Trade Balance
2024-10-17,2:30pm,Low Impact Expected,Trade Balance
2024-10-17,5:45pm,High Impact Expected,Main Refinancing Rate
2024-10-17,5:45pm,High Impact Expected,Monetary Policy Statement
2024-10-17,6:00pm,Low Impact Expected,Foreign Securities Purchases
2024-10-17,6:00pm,High Impact Expected,Core Retail Sales m/m
2024-10-17,6:00pm,High Impact Expected,Retail Sales m/m
2024-10-17,6:00pm,High Impact Expected,Unemployment Claims
2024-10-17,6:00pm,Medium Impact Expected,Philly Fed Manufacturing Index
2024-10-17,6:15pm,High Impact Expected,ECB Press Conference
2024-10-17,6:45pm,Low Impact Expected,Capacity Utilization Rate
2024-10-17,6:45pm,Low Impact Expected,Industrial Production m/m
2024-10-17,7:30pm,Low Impact Expected,Business Inventories m/m
2024-10-17,7:30pm,Low Impact Expected,NAHB Housing Market Index
2024-10-17,8:00pm,Low Impact Expected,Natural Gas Storage
2024-10-17,8:30pm,Medium Impact Expected,Crude Oil Inventories
2024-10-17,8:30pm,Low Impact Expected,FOMC Member Goolsbee Speaks
2024-10-18,12:30am,Medium Impact Expected,Treasury Sec Yellen Speaks
2024-10-18,1:30am,Low Impact Expected,TIC Long-Term Purchases
2024-10-18,5:00am,Low Impact Expected,National Core CPI y/y
2024-10-18,7:00am,Low Impact Expected,New Home Prices m/m
2024-10-18,7:30am,Medium Impact Expected,GDP q/y
2024-10-18,7:30am,Medium Impact Expected,Industrial Production y/y
2024-10-18,7:30am,Medium Impact Expected,Retail Sales y/y
2024-10-18,7:30am,Low Impact Expected,Fixed Asset Investment ytd/y
2024-10-18,7:30am,Low Impact Expected,NBS Press Conference
2024-10-18,7:30am,Low Impact Expected,Unemployment Rate
2024-10-18,11:30am,High Impact Expected,Retail Sales m/m
2024-10-18,1:30pm,Low Impact Expected,Current Account
2024-10-18,6:00pm,Medium Impact Expected,Building Permits
2024-10-18,6:00pm,Low Impact Expected,Housing Starts
2024-10-18,9:40pm,Medium Impact Expected,FOMC Member Waller Speaks
2024-10-18,10:00pm,Low Impact Expected,FOMC Member Bostic Speaks
2024-10-19,1:30am,Low Impact Expected,Federal Budget Balance
2024-10-21,4:31am,Low Impact Expected,Rightmove HPI m/m
2024-10-21,6:30am,Low Impact Expected,RBA Deputy Gov Hauser Speaks
2024-10-21,6:30am,Medium Impact Expected,1-y Loan Prime Rate
2024-10-21,6:30am,Medium Impact Expected,5-y Loan Prime Rate
2024-10-21,7:30am,Low Impact Expected,Credit Card Spending y/y
2024-10-21,11:30am,Low Impact Expected,German PPI m/m
2024-10-21,6:25pm,Low Impact Expected,FOMC Member Logan Speaks
2024-10-21,7:30pm,Low Impact Expected,CB Leading Index m/m
2024-10-21,Day 1,Low Impact Expected,IMF Meetings
2024-10-21,10:30pm,Low Impact Expected,FOMC Member Kashkari Speaks
2024-10-22,2:35am,Low Impact Expected,FOMC Member Schmid Speaks
2024-10-22,3:15am,Low Impact Expected,Trade Balance
2024-10-22,4:10am,Low Impact Expected,FOMC Member Daly Speaks
2024-10-22,10:30am,Low Impact Expected,BOJ Core CPI y/y
2024-10-22,11:30am,Low Impact Expected,Public Sector Net Borrowing
2024-10-22,Day 1,Medium Impact Expected,BRICS Summit
2024-10-22,6:00pm,Low Impact Expected,IPPI m/m
2024-10-22,6:00pm,Low Impact Expected,RMPI m/m
2024-10-22,6:55pm,High Impact Expected,BOE Gov Bailey Speaks
2024-10-22,7:15pm,Low Impact Expected,MPC Member Greene Speaks
2024-10-22,7:29pm,Medium Impact Expected,Richmond Manufacturing Index
2024-10-22,7:30pm,Medium Impact Expected,ECB President Lagarde Speaks
2024-10-22,7:30pm,Medium Impact Expected,FOMC Member Harker Speaks
2024-10-22,Day 2,Low Impact Expected,IMF Meetings
2024-10-23,12:45am,Medium Impact Expected,ECB President Lagarde Speaks
2024-10-23,12:45am,Low Impact Expected,MPC Member Breeden Speaks
2024-10-23,Day 2,Medium Impact Expected,BRICS Summit
2024-10-23,3:07pm,Low Impact Expected,German 10-y Bond Auction
2024-10-23,6:30pm,Low Impact Expected,MPC Member Breeden Speaks
2024-10-23,6:30pm,Low Impact Expected,FOMC Member Bowman Speaks
2024-10-23,7:15pm,High Impact Expected,BOC Monetary Policy Report
2024-10-23,7:15pm,High Impact Expected,BOC Rate Statement
2024-10-23,7:15pm,High Impact Expected,Overnight Rate
2024-10-23,7:30pm,Medium Impact Expected,ECB President Lagarde Speaks
2024-10-23,7:30pm,Low Impact Expected,Consumer Confidence
2024-10-23,7:30pm,Medium Impact Expected,Existing Home Sales
2024-10-23,Day 3,Low Impact Expected,IMF Meetings
2024-10-23,8:00pm,High Impact Expected,BOC Press Conference
2024-10-23,8:00pm,Medium Impact Expected,Crude Oil Inventories
2024-10-23,9:30pm,Low Impact Expected,FOMC Member Barkin Speaks
2024-10-23,10:27pm,Medium Impact Expected,RBNZ Gov Orr Speaks
2024-10-23,11:30pm,Low Impact Expected,Beige Book
2024-10-24,12:15am,High Impact Expected,BOE Gov Bailey Speaks
2024-10-24,3:30am,Low Impact Expected,Flash Manufacturing PMI
2024-10-24,3:30am,Low Impact Expected,Flash Services PMI
2024-10-24,6:00am,Low Impact Expected,Flash Manufacturing PMI
2024-10-24,12:45pm,High Impact Expected,French Flash Manufacturing PMI
2024-10-24,12:45pm,High Impact Expected,French Flash Services PMI
2024-10-24,1:00pm,High Impact Expected,German Flash Manufacturing PMI
2024-10-24,1:00pm,High Impact Expected,German Flash Services PMI
2024-10-24,1:30pm,Medium Impact Expected,Flash Manufacturing PMI
2024-10-24,1:30pm,Medium Impact Expected,Flash Services PMI
2024-10-24,Day 3,Medium Impact Expected,BRICS Summit
2024-10-24,2:00pm,High Impact Expected,Flash Manufacturing PMI
2024-10-24,2:00pm,High Impact Expected,Flash Services PMI
2024-10-24,3:30pm,Low Impact Expected,German Buba Monthly Report
2024-10-24,3:30pm,Low Impact Expected,CBI Industrial Order Expectations
2024-10-24,6:00pm,High Impact Expected,Unemployment Claims
2024-10-24,6:15pm,Low Impact Expected,FOMC Member Hammack Speaks
2024-10-24,6:30pm,Low Impact Expected,MPC Member Mann Speaks
2024-10-24,7:15pm,High Impact Expected,Flash Manufacturing PMI
2024-10-24,7:15pm,High Impact Expected,Flash Services PMI
2024-10-24,7:30pm,Medium Impact Expected,New Home Sales
2024-10-24,Day 4,Low Impact Expected,IMF Meetings
2024-10-24,8:00pm,Low Impact Expected,Natural Gas Storage
2024-10-25,1:15am,High Impact Expected,BOE Gov Bailey Speaks
2024-10-25,4:31am,Low Impact Expected,GfK Consumer Confidence
2024-10-25,5:00am,Medium Impact Expected,Tokyo Core CPI y/y
2024-10-25,5:20am,Low Impact Expected,SPPI y/y
2024-10-25,10:00am,Low Impact Expected,RBA Annual Report
2024-10-25,12:30pm,Low Impact Expected,Spanish Unemployment Rate
2024-10-25,1:30pm,Medium Impact Expected,German ifo Business Climate
2024-10-25,1:30pm,Low Impact Expected,M3 Money Supply y/y
2024-10-25,1:30pm,Low Impact Expected,Private Loans y/y
2024-10-25,2:31pm,Low Impact Expected,Foreign Direct Investment ytd/y
2024-10-25,6:00pm,High Impact Expected,Core Retail Sales m/m
2024-10-25,6:00pm,High Impact Expected,Retail Sales m/m
2024-10-25,6:00pm,Low Impact Expected,NHPI m/m
2024-10-25,6:00pm,Medium Impact Expected,Core Durable Goods Orders m/m
2024-10-25,6:00pm,Medium Impact Expected,Durable Goods Orders m/m
2024-10-25,6:25pm,Low Impact Expected,Belgian NBB Business Climate
2024-10-25,7:30pm,Medium Impact Expected,Revised UoM Consumer Sentiment
2024-10-25,7:30pm,Low Impact Expected,Revised UoM Inflation Expectations
2024-10-25,Day 5,Low Impact Expected,IMF Meetings
2024-10-25,8:30pm,Low Impact Expected,FOMC Member Collins Speaks
2024-10-26,Day 6,Low Impact Expected,IMF Meetings
2024-10-26,8:50pm,Medium Impact Expected,BOE Gov Bailey Speaks
2024-10-27,7:30am,Non-Economic,Daylight Saving Time Shift
2024-10-27,7:30am,Non-Economic,Daylight Saving Time Shift
2024-10-27,7:30am,Non-Economic,Daylight Saving Time Shift
2024-10-27,All Day,High Impact Expected,Lower House Elections
2024-10-28,All Day,Non-Economic,Bank Holiday
2024-10-28,4:30pm,Low Impact Expected,CBI Realized Sales
2024-10-28,6:30pm,Low Impact Expected,CB Leading Index m/m
2024-10-28,11:00pm,High Impact Expected,BOC Gov Macklem Speaks
2024-10-29,5:00am,Low Impact Expected,Unemployment Rate
2024-10-29,5:31am,Low Impact Expected,BRC Shop Price Index y/y
2024-10-29,12:30pm,Low Impact Expected,German GfK Consumer Climate
2024-10-29,3:00pm,Low Impact Expected,M4 Money Supply m/m
2024-10-29,3:00pm,Low Impact Expected,Mortgage Approvals
2024-10-29,3:00pm,Low Impact Expected,Net Lending to Individuals m/m
2024-10-29,6:00pm,Low Impact Expected,Goods Trade Balance
2024-10-29,6:00pm,Low Impact Expected,Prelim Wholesale Inventories m/m
2024-10-29,6:30pm,Medium Impact Expected,S&P/CS Composite-20 HPI y/y
2024-10-29,6:30pm,Low Impact Expected,HPI m/m
2024-10-29,7:30pm,High Impact Expected,CB Consumer Confidence
2024-10-29,7:30pm,High Impact Expected,JOLTS Job Openings
2024-10-29,11:30pm,High Impact Expected,SNB Chairman Schlegel Speaks
2024-10-30,1:00am,High Impact Expected,BOC Gov Macklem Speaks
2024-10-30,6:00am,High Impact Expected,CPI q/q
2024-10-30,6:00am,High Impact Expected,CPI y/y
2024-10-30,6:00am,High Impact Expected,Trimmed Mean CPI q/q
2024-10-30,10:30am,Low Impact Expected,Consumer Confidence
2024-10-30,All Day,High Impact Expected,German Prelim CPI m/m
2024-10-30,12:00pm,Low Impact Expected,French Consumer Spending m/m
2024-10-30,12:00pm,Low Impact Expected,French Flash GDP q/q
2024-10-30,1:30pm,Low Impact Expected,KOF Economic Barometer
2024-10-30,1:30pm,Medium Impact Expected,Spanish Flash CPI y/y
2024-10-30,1:30pm,Low Impact Expected,Spanish Flash GDP q/q
2024-10-30,2:25pm,Low Impact Expected,German Unemployment Change
2024-10-30,2:30pm,High Impact Expected,SNB Chairman Schlegel Speaks
2024-10-30,2:30pm,Low Impact Expected,UBS Economic Expectations
2024-10-30,2:30pm,Low Impact Expected,Italian Prelim GDP q/q
2024-10-30,2:30pm,Low Impact Expected,German Prelim GDP q/q
2024-10-30,3:30pm,Low Impact Expected,Prelim Flash GDP q/q
2024-10-30,3:52pm,Low Impact Expected,Italian 10-y Bond Auction
2024-10-30,5:45pm,High Impact Expected,ADP Non-Farm Employment Change
2024-10-30,6:00pm,High Impact Expected,Advance GDP q/q
2024-10-30,6:00pm,Medium Impact Expected,Advance GDP Price Index q/q
2024-10-30,6:03pm,Medium Impact Expected,Autumn Forecast Statement
2024-10-30,7:30pm,Medium Impact Expected,Pending Home Sales m/m
2024-10-30,8:00pm,Medium Impact Expected,Crude Oil Inventories
2024-10-30,11:30pm,Low Impact Expected,German Buba President Nagel Speaks
2024-10-31,1:45am,High Impact Expected,BOC Gov Macklem Speaks
2024-10-31,5:20am,Low Impact Expected,Prelim Industrial Production m/m
2024-10-31,5:20am,Low Impact Expected,Retail Sales y/y
2024-10-31,5:30am,Low Impact Expected,ANZ Business Confidence
2024-10-31,6:00am,Medium Impact Expected,Retail Sales m/m
2024-10-31,6:00am,Low Impact Expected,Building Approvals m/m
2024-10-31,6:00am,Low Impact Expected,Import Prices q/q
2024-10-31,6:00am,Low Impact Expected,Private Sector Credit m/m
2024-10-31,7:00am,High Impact Expected,Manufacturing PMI
2024-10-31,7:00am,Medium Impact Expected,Non-Manufacturing PMI
2024-10-31,7:05am,Low Impact Expected,MPC Member Breeden Speaks
2024-10-31,8:18am,High Impact Expected,BOJ Outlook Report
2024-10-31,8:18am,High Impact Expected,BOJ Policy Rate
2024-10-31,8:18am,High Impact Expected,Monetary Policy Statement
2024-10-31,10:30am,Low Impact Expected,Housing Starts y/y
2024-10-31,12:00pm,High Impact Expected,BOJ Press Conference
2024-10-31,12:30pm,Low Impact Expected,German Import Prices m/m
2024-10-31,12:30pm,Low Impact Expected,German Retail Sales m/m
2024-10-31,1:15pm,Low Impact Expected,French Prelim CPI m/m
2024-10-31,2:30pm,Low Impact Expected,ECB Economic Bulletin
2024-10-31,2:30pm,Low Impact Expected,Italian Monthly Unemployment Rate
2024-10-31,3:30pm,Medium Impact Expected,Core CPI Flash Estimate y/y
2024-10-31,3:30pm,Medium Impact Expected,CPI Flash Estimate y/y
2024-10-31,3:30pm,Low Impact Expected,Italian Prelim CPI m/m
2024-10-31,3:30pm,Low Impact Expected,Unemployment Rate
2024-10-31,3:33pm,Low Impact Expected,30-y Bond Auction
2024-10-31,5:00pm,Low Impact Expected,Challenger Job Cuts y/y
2024-10-31,6:00pm,High Impact Expected,GDP m/m
2024-10-31,6:00pm,High Impact Expected,Core PCE Price Index m/m
2024-10-31,6:00pm,High Impact Expected,Employment Cost Index q/q
2024-10-31,6:00pm,High Impact Expected,Unemployment Claims
2024-10-31,6:00pm,Low Impact Expected,Personal Income m/m
2024-10-31,6:00pm,Low Impact Expected,Personal Spending m/m
2024-10-31,7:15pm,Medium Impact Expected,Chicago PMI
2024-10-31,8:00pm,Low Impact Expected,Natural Gas Storage
